# SQL Manager 2007 Lite for MySQL 4.3.2.1
# ---------------------------------------
# Host     : localhost
# Port     : 3306
# Database : marketing


/*!40101 SET @OLD_CHARACTER_SET_CLIENT=@@CHARACTER_SET_CLIENT */;
/*!40101 SET @OLD_CHARACTER_SET_RESULTS=@@CHARACTER_SET_RESULTS */;
/*!40101 SET @OLD_COLLATION_CONNECTION=@@COLLATION_CONNECTION */;
/*!40101 SET NAMES utf8 */;

SET FOREIGN_KEY_CHECKS=0;

CREATE DATABASE `marketing`
    CHARACTER SET 'latin1'
    COLLATE 'latin1_general_ci';

USE `marketing`;

#
# Structure for the `artikelstamm` table : 
#

DROP TABLE IF EXISTS `artikelstamm`;

CREATE TABLE `artikelstamm` (
  `Artikel` VARCHAR(10) COLLATE latin1_general_ci NOT NULL DEFAULT '0000',
  `Beschreibung` VARCHAR(100) COLLATE latin1_general_ci DEFAULT '',
  `WG` SMALLINT(6) NOT NULL DEFAULT '0',
  PRIMARY KEY (`Artikel`)

)ENGINE=MyISAM
CHARACTER SET 'latin1' COLLATE 'latin1_general_ci';

#
# Structure for the `artikelstammneu` table : 
#

DROP TABLE IF EXISTS `artikelstammneu`;

CREATE TABLE `artikelstammneu` (
  `Artikel` VARCHAR(10) COLLATE latin1_general_ci NOT NULL DEFAULT '0000',
  `WG` SMALLINT(6) NOT NULL DEFAULT '0',
  `Beschreibung` VARCHAR(100) COLLATE latin1_general_ci DEFAULT '',
  PRIMARY KEY (`Artikel`)

)ENGINE=MyISAM
CHARACTER SET 'latin1' COLLATE 'latin1_general_ci';

#
# Structure for the `bereiche` table : 
#

DROP TABLE IF EXISTS `bereiche`;

CREATE TABLE `bereiche` (
  `Warengruppe` SMALLINT(6) NOT NULL DEFAULT '0',
  `Bereich` VARCHAR(20) COLLATE latin1_general_ci NOT NULL DEFAULT '',
  PRIMARY KEY (`Warengruppe`)

)ENGINE=MyISAM
CHARACTER SET 'latin1' COLLATE 'latin1_general_ci';

#
# Structure for the `kalender` table : 
#

DROP TABLE IF EXISTS `kalender`;

CREATE TABLE `kalender` (
  `KW` INTEGER(11) NOT NULL DEFAULT '0',
  `Effekt` SMALLINT(6) NOT NULL DEFAULT '0',
  PRIMARY KEY (`KW`)

)ENGINE=MyISAM
ROW_FORMAT=FIXED CHARACTER SET 'latin1' COLLATE 'latin1_general_ci';

#
# Structure for the `verkaufsdaten` table : 
#

DROP TABLE IF EXISTS `verkaufsdaten`;

CREATE TABLE `verkaufsdaten` (
  `Artikel` VARCHAR(10) COLLATE latin1_general_ci NOT NULL DEFAULT '0000',
  `KW` INTEGER(11) NOT NULL DEFAULT '0',
  `Verkauf` INTEGER(11) NOT NULL DEFAULT '0',
  `Aktion` SMALLINT(4) NOT NULL DEFAULT '0',
  `Preis` DECIMAL(8,2) NOT NULL DEFAULT '0.00',
  PRIMARY KEY (`Artikel`, `KW`)

)ENGINE=MyISAM
CHARACTER SET 'latin1' COLLATE 'latin1_general_ci';

#
# Structure for the `verkaufsdatenneu` table : 
#

DROP TABLE IF EXISTS `verkaufsdatenneu`;

CREATE TABLE `verkaufsdatenneu` (
  `Artikel` VARCHAR(10) COLLATE latin1_general_ci NOT NULL DEFAULT '0000',
  `KW` INTEGER(11) NOT NULL DEFAULT '0',
  `Verkauf` INTEGER(11) NOT NULL DEFAULT '0',
  `Aktion` SMALLINT(6) NOT NULL DEFAULT '0',
  `Preis` DECIMAL(8,2) NOT NULL DEFAULT '0.00',
  PRIMARY KEY (`Artikel`, `KW`)

)ENGINE=MyISAM
CHARACTER SET 'latin1' COLLATE 'latin1_general_ci';

#
# Data for the `artikelstamm` table  (LIMIT 0,500)
#

INSERT INTO `artikelstamm` (`Artikel`, `Beschreibung`, `WG`) VALUES
  ('1234','Tuffi H-Vollmilch, 1 Liter',1),
  ('1235','Kelloggs Cornflakes',1),
  ('1236','Kartoffeln 2,5 kg-Beutel',1),
  ('1237','Swirl Mülleimerbeutel, 25 Liter',2),
  ('1238','Palmolive Konzentrat Citrusfrisch 500ml',2),
  ('1239','Danke Toilettenpapier, 3-lagig, 10 Rollen',2),
  ('1240','Sigma Fotokopierpapier A4, 250 Stück',3),
  ('1241','Herlitz Schnellhefter, A4, rot',3),
  ('1242','1000 Büroklammern, Herlitz',3);
COMMIT;

#
# Data for the `artikelstammneu` table  (LIMIT 0,500)
#

INSERT INTO `artikelstammneu` (`Artikel`, `WG`, `Beschreibung`) VALUES
  ('2234',1,'Tuffi H-Vollmilch, 1 Liter Sonderposten'),
  ('2235',1,'Kelloggs Cornflakes Sonderposten'),
  ('2236',1,'Kartoffeln 2,5 kg-Beutel Sonderposten'),
  ('2237',2,'Swirl Mülleimerbeutel, 25 Liter Sonderposten'),
  ('2238',2,'Palmolive Konzentrat Citrusfrisch 500ml Sonderposten'),
  ('2239',2,'Danke Toilettenpapier, 3-lagig, 10 Rollen Sonderposten'),
  ('2240',3,'Sigma Fotokopierpapier A4, 250 Stück Sonderposten'),
  ('2241',3,'Herlitz Schnellhefter, A4, rot Sonderposten'),
  ('2242',3,'1000 Büroklammern, Herlitz Sonderposten');
COMMIT;

#
# Data for the `bereiche` table  (LIMIT 0,500)
#

INSERT INTO `bereiche` (`Warengruppe`, `Bereich`) VALUES
  (1,'Food'),
  (2,'Non Food'),
  (3,'Non Food');
COMMIT;

#
# Data for the `kalender` table  (LIMIT 0,500)
#

INSERT INTO `kalender` (`KW`, `Effekt`) VALUES
  (200101,0),
  (200102,0),
  (200103,0),
  (200104,0),
  (200105,0),
  (200106,0),
  (200107,0),
  (200108,0),
  (200109,0),
  (200110,0),
  (200111,0),
  (200112,0),
  (200113,0),
  (200114,0),
  (200115,1),
  (200116,0),
  (200117,0),
  (200118,0),
  (200119,0),
  (200120,0),
  (200121,0),
  (200122,0),
  (200123,0),
  (200124,0),
  (200125,0),
  (200126,0),
  (200127,0),
  (200128,0),
  (200129,0),
  (200130,0),
  (200131,0),
  (200132,0),
  (200133,0),
  (200134,0),
  (200135,0),
  (200136,0),
  (200137,0),
  (200138,0),
  (200139,0),
  (200140,0),
  (200141,0),
  (200142,0),
  (200143,0),
  (200144,0),
  (200145,0),
  (200146,0),
  (200147,0),
  (200148,0),
  (200149,0),
  (200150,0),
  (200151,2),
  (200152,3),
  (200153,0),
  (200201,0),
  (200202,0),
  (200203,0),
  (200204,0),
  (200205,0),
  (200206,0),
  (200207,0),
  (200208,0),
  (200209,0),
  (200210,0),
  (200211,0),
  (200212,0),
  (200213,1),
  (200214,0),
  (200215,0),
  (200216,0),
  (200217,0),
  (200218,0),
  (200219,0),
  (200220,0),
  (200221,0),
  (200222,0),
  (200223,0),
  (200224,0),
  (200225,0),
  (200226,0),
  (200227,0),
  (200228,0),
  (200229,0),
  (200230,0),
  (200231,0),
  (200232,0),
  (200233,0),
  (200234,0),
  (200235,0),
  (200236,0),
  (200237,0),
  (200238,0),
  (200239,0),
  (200240,0),
  (200241,0),
  (200242,0),
  (200243,0),
  (200244,0),
  (200245,0),
  (200246,0),
  (200247,0),
  (200248,0),
  (200249,0),
  (200250,0),
  (200251,2),
  (200252,3);
COMMIT;

#
# Data for the `verkaufsdaten` table  (LIMIT 0,500)
#

INSERT INTO `verkaufsdaten` (`Artikel`, `KW`, `Verkauf`, `Aktion`, `Preis`) VALUES
  ('1234',200113,1,0,0.75),
  ('1234',200114,2,1,0.75),
  ('1234',200115,3,2,0.75),
  ('1234',200116,1,0,0.75),
  ('1234',200117,1,0,0.75),
  ('1234',200118,1,0,0.75),
  ('1234',200119,1,0,0.75),
  ('1234',200120,1,0,0.75),
  ('1234',200121,1,0,0.75),
  ('1234',200122,1,0,0.75),
  ('1234',200123,1,0,0.75),
  ('1234',200124,1,0,0.75),
  ('1234',200125,1,1,0.75),
  ('1234',200126,1,0,0.75),
  ('1234',200127,1,0,0.75),
  ('1234',200128,1,0,0.75),
  ('1234',200129,1,0,0.75),
  ('1234',200130,1,0,0.75),
  ('1234',200131,1,0,0.75),
  ('1234',200132,1,0,0.75),
  ('1234',200133,1,0,0.75),
  ('1234',200134,1,0,0.75),
  ('1234',200135,1,0,0.75),
  ('1234',200136,1,0,0.75),
  ('1234',200137,1,0,0.75),
  ('1234',200138,1,0,0.75),
  ('1234',200139,1,0,0.75),
  ('1234',200140,1,0,0.75),
  ('1234',200141,1,0,0.75),
  ('1234',200142,1,0,0.75),
  ('1234',200143,1,0,0.75),
  ('1234',200144,1,0,0.75),
  ('1234',200145,1,0,0.75),
  ('1234',200146,1,0,0.75),
  ('1234',200147,1,0,0.75),
  ('1234',200148,1,0,0.75),
  ('1234',200149,1,0,0.75),
  ('1234',200150,1,0,0.75),
  ('1234',200151,6,0,0.75),
  ('1234',200152,2,2,0.75),
  ('1234',200153,1,0,0.75),
  ('1234',200201,1,0,0.75),
  ('1234',200202,1,0,0.75),
  ('1234',200203,1,0,0.75),
  ('1234',200204,1,0,0.75),
  ('1234',200205,1,0,0.75),
  ('1234',200206,1,0,0.75),
  ('1234',200207,1,0,0.75),
  ('1234',200208,1,0,0.75),
  ('1234',200209,1,0,0.75),
  ('1234',200210,1,0,0.75),
  ('1234',200211,1,0,0.75),
  ('1234',200212,1,1,0.75),
  ('1234',200213,3,2,0.75),
  ('1235',200113,5,0,3.98),
  ('1235',200114,5,0,3.98),
  ('1235',200115,5,2,3.98),
  ('1235',200116,3,0,3.98),
  ('1235',200117,5,1,3.98),
  ('1235',200118,3,0,3.98),
  ('1235',200119,2,0,3.98),
  ('1235',200120,2,0,3.98),
  ('1235',200121,4,0,3.98),
  ('1235',200122,3,0,3.98),
  ('1235',200123,2,0,3.98),
  ('1235',200124,4,0,3.98),
  ('1235',200125,4,0,3.98),
  ('1235',200126,3,0,3.98),
  ('1235',200127,2,1,3.98),
  ('1235',200128,3,0,3.98),
  ('1235',200129,3,0,3.98),
  ('1235',200130,3,0,3.98),
  ('1235',200131,3,0,3.98),
  ('1235',200132,1,0,3.98),
  ('1235',200133,3,0,3.98),
  ('1235',200134,4,0,3.98),
  ('1235',200135,2,0,3.98),
  ('1235',200136,2,0,3.98),
  ('1235',200137,4,0,3.98),
  ('1235',200138,3,0,3.98),
  ('1235',200139,5,2,3.98),
  ('1235',200140,4,0,3.98),
  ('1235',200141,4,0,3.98),
  ('1235',200142,3,0,3.98),
  ('1235',200143,4,0,3.98),
  ('1235',200144,2,0,3.98),
  ('1235',200145,3,0,3.98),
  ('1235',200146,3,0,3.98),
  ('1235',200147,4,0,3.98),
  ('1235',200148,4,0,3.98),
  ('1235',200149,3,0,3.98),
  ('1235',200150,1,0,3.98),
  ('1235',200151,7,0,3.98),
  ('1235',200152,4,2,3.98),
  ('1235',200153,3,0,3.98),
  ('1235',200201,2,0,3.98),
  ('1235',200202,2,0,3.98),
  ('1235',200203,4,0,3.98),
  ('1235',200204,2,0,3.98),
  ('1235',200205,2,0,3.98),
  ('1235',200206,4,0,3.98),
  ('1235',200207,3,1,3.98),
  ('1235',200208,3,0,3.98),
  ('1235',200209,2,0,3.98),
  ('1235',200210,4,2,3.98),
  ('1235',200211,2,0,3.98),
  ('1235',200212,2,0,3.98),
  ('1235',200213,6,0,3.98),
  ('1236',200113,3,0,1.98),
  ('1236',200114,14,0,1.98),
  ('1236',200115,6,0,1.98),
  ('1236',200116,6,0,1.98),
  ('1236',200117,13,0,1.98),
  ('1236',200118,8,0,1.98),
  ('1236',200119,7,0,1.98),
  ('1236',200120,6,0,1.98),
  ('1236',200121,15,0,1.98),
  ('1236',200122,12,1,1.98),
  ('1236',200123,4,0,1.98),
  ('1236',200124,10,0,1.98),
  ('1236',200125,7,0,1.98),
  ('1236',200126,7,0,1.98),
  ('1236',200127,9,0,1.98),
  ('1236',200128,5,2,1.98),
  ('1236',200129,3,0,1.98),
  ('1236',200130,7,0,1.98),
  ('1236',200131,4,0,1.98),
  ('1236',200132,1,0,1.98),
  ('1236',200133,16,0,1.98),
  ('1236',200134,9,0,1.98),
  ('1236',200135,4,0,1.98),
  ('1236',200136,8,0,1.98),
  ('1236',200137,11,0,1.98),
  ('1236',200138,9,0,1.98),
  ('1236',200139,13,0,1.98),
  ('1236',200140,9,1,1.98),
  ('1236',200141,15,0,1.98),
  ('1236',200142,13,0,1.98),
  ('1236',200143,8,2,1.98),
  ('1236',200144,12,0,1.98),
  ('1236',200145,12,0,1.98),
  ('1236',200146,8,0,1.98),
  ('1236',200147,11,0,1.98),
  ('1236',200148,10,0,1.98),
  ('1236',200149,13,0,1.98),
  ('1236',200150,16,0,1.98),
  ('1236',200151,17,0,1.98),
  ('1236',200152,18,0,1.98),
  ('1236',200153,9,0,1.98),
  ('1236',200201,6,0,1.98),
  ('1236',200202,10,0,1.98),
  ('1236',200203,16,0,1.98),
  ('1236',200204,2,2,1.98),
  ('1236',200205,14,0,1.98),
  ('1236',200206,3,0,1.98),
  ('1236',200207,2,0,1.98),
  ('1236',200208,7,0,1.98),
  ('1236',200209,10,0,1.98),
  ('1236',200210,6,0,1.98),
  ('1236',200211,14,0,1.98),
  ('1236',200212,17,0,1.98),
  ('1236',200213,13,0,1.98),
  ('1237',200113,6,0,2.15),
  ('1237',200114,6,1,2.15),
  ('1237',200115,8,2,2.15),
  ('1237',200116,6,0,2.15),
  ('1237',200117,6,0,2.15),
  ('1237',200118,6,0,2.15),
  ('1237',200119,6,0,2.15),
  ('1237',200120,7,0,1.56),
  ('1237',200121,7,0,1.56),
  ('1237',200122,6,0,2.15),
  ('1237',200123,6,0,2.15),
  ('1237',200124,6,0,2.15),
  ('1237',200125,8,1,1.56),
  ('1237',200126,7,0,1.56),
  ('1237',200127,6,0,2.15),
  ('1237',200128,6,0,2.15),
  ('1237',200129,6,0,2.15),
  ('1237',200130,6,0,2.15),
  ('1237',200131,6,0,2.15),
  ('1237',200132,6,0,2.15),
  ('1237',200133,6,0,2.15),
  ('1237',200134,6,0,2.15),
  ('1237',200135,6,0,2.15),
  ('1237',200136,6,0,2.15),
  ('1237',200137,6,0,2.15),
  ('1237',200138,5,0,2.15),
  ('1237',200139,6,0,1.56),
  ('1237',200140,6,0,2.15),
  ('1237',200141,6,0,2.15),
  ('1237',200142,6,0,2.15),
  ('1237',200143,6,0,2.15),
  ('1237',200144,6,0,2.15),
  ('1237',200145,6,0,2.15),
  ('1237',200146,6,0,2.15),
  ('1237',200147,6,0,2.15),
  ('1237',200148,6,0,2.15),
  ('1237',200149,6,0,2.15),
  ('1237',200150,6,0,2.15),
  ('1237',200151,10,0,2.15),
  ('1237',200152,7,2,2.15),
  ('1237',200153,6,0,2.15),
  ('1237',200201,6,0,2.15),
  ('1237',200202,6,0,2.15),
  ('1237',200203,6,0,2.15),
  ('1237',200204,6,0,2.15),
  ('1237',200205,6,0,2.15),
  ('1237',200206,6,0,2.15),
  ('1237',200207,6,0,2.15),
  ('1237',200208,6,0,2.15),
  ('1237',200209,6,0,2.15),
  ('1237',200210,6,0,2.15),
  ('1237',200211,6,0,2.15),
  ('1237',200212,7,1,2.15),
  ('1237',200213,8,2,2.15),
  ('1238',200113,8,0,2.99),
  ('1238',200114,7,0,2.99),
  ('1238',200115,9,2,2.99),
  ('1238',200116,8,0,2.99),
  ('1238',200117,9,1,2.99),
  ('1238',200118,7,0,2.99),
  ('1238',200119,6,0,2.99),
  ('1238',200120,10,0,2.99),
  ('1238',200121,10,0,2.99),
  ('1238',200122,7,0,2.99),
  ('1238',200123,9,0,2.99),
  ('1238',200124,7,0,2.99),
  ('1238',200125,8,0,2.99),
  ('1238',200126,9,0,2.99),
  ('1238',200127,10,1,2.99),
  ('1238',200128,5,0,2.99),
  ('1238',200129,8,0,2.99),
  ('1238',200130,8,0,2.99),
  ('1238',200131,8,0,2.99),
  ('1238',200132,8,0,2.99),
  ('1238',200133,9,0,2.99),
  ('1238',200134,7,0,2.99),
  ('1238',200135,9,0,2.99),
  ('1238',200136,9,0,2.99),
  ('1238',200137,9,0,2.99),
  ('1238',200138,8,0,2.99),
  ('1238',200139,11,2,2.99),
  ('1238',200140,9,0,2.99),
  ('1238',200141,8,0,2.99),
  ('1238',200142,9,0,2.99),
  ('1238',200143,10,0,2.99),
  ('1238',200144,6,0,2.99),
  ('1238',200145,6,0,2.99),
  ('1238',200146,8,0,2.99),
  ('1238',200147,9,0,2.99),
  ('1238',200148,8,0,2.99),
  ('1238',200149,7,0,2.99),
  ('1238',200150,7,0,2.99),
  ('1238',200151,12,0,2.99),
  ('1238',200152,9,2,2.99),
  ('1238',200153,9,0,2.99),
  ('1238',200201,8,0,2.99),
  ('1238',200202,8,0,2.99),
  ('1238',200203,8,0,2.99),
  ('1238',200204,8,0,2.99),
  ('1238',200205,7,0,2.99),
  ('1238',200206,9,0,2.99),
  ('1238',200207,9,1,2.99),
  ('1238',200208,9,0,2.99),
  ('1238',200209,8,0,2.99),
  ('1238',200210,7,2,2.99),
  ('1238',200211,7,0,2.99),
  ('1238',200212,8,0,2.99),
  ('1238',200213,11,0,2.99),
  ('1239',200113,10,0,3.59),
  ('1239',200114,11,0,3.59),
  ('1239',200115,18,0,3.59),
  ('1239',200116,22,0,3.59),
  ('1239',200117,21,0,3.59),
  ('1239',200118,4,0,3.59),
  ('1239',200119,6,0,3.59),
  ('1239',200120,10,0,3.59),
  ('1239',200121,8,0,3.59),
  ('1239',200122,5,1,3.59),
  ('1239',200123,13,0,3.59),
  ('1239',200124,16,0,3.59),
  ('1239',200125,13,0,3.59),
  ('1239',200126,17,0,3.59),
  ('1239',200127,17,0,3.59),
  ('1239',200128,16,2,3.59),
  ('1239',200129,15,0,3.59),
  ('1239',200130,12,0,3.59),
  ('1239',200131,25,0,3.59),
  ('1239',200132,19,0,3.59),
  ('1239',200133,19,0,3.59),
  ('1239',200134,20,0,3.59),
  ('1239',200135,26,0,3.59),
  ('1239',200136,22,0,3.59),
  ('1239',200137,11,0,3.59),
  ('1239',200138,24,0,3.59),
  ('1239',200139,14,0,3.59),
  ('1239',200140,11,1,3.59),
  ('1239',200141,12,0,3.59),
  ('1239',200142,8,0,3.59),
  ('1239',200143,12,2,3.59),
  ('1239',200144,20,0,3.59),
  ('1239',200145,13,0,3.59),
  ('1239',200146,15,0,3.59),
  ('1239',200147,8,0,3.59),
  ('1239',200148,14,0,3.59),
  ('1239',200149,6,0,3.59),
  ('1239',200150,24,0,3.59),
  ('1239',200151,6,0,3.59),
  ('1239',200152,12,0,3.59),
  ('1239',200153,17,0,3.59),
  ('1239',200201,14,0,3.59),
  ('1239',200202,17,0,3.59),
  ('1239',200203,19,0,3.59),
  ('1239',200204,6,2,3.59),
  ('1239',200205,17,0,3.59),
  ('1239',200206,15,0,3.59),
  ('1239',200207,16,0,3.59),
  ('1239',200208,10,0,3.59),
  ('1239',200209,12,0,3.59),
  ('1239',200210,15,0,3.59),
  ('1239',200211,19,0,3.59),
  ('1239',200212,21,0,3.59),
  ('1239',200213,16,0,3.59),
  ('1240',200113,4,0,9.99),
  ('1240',200114,4,1,9.99),
  ('1240',200115,6,2,9.99),
  ('1240',200116,4,0,9.99),
  ('1240',200117,4,0,9.99),
  ('1240',200118,4,0,9.99),
  ('1240',200119,4,0,9.99),
  ('1240',200120,4,0,9.99),
  ('1240',200121,4,0,9.99),
  ('1240',200122,4,0,9.99),
  ('1240',200123,4,0,9.99),
  ('1240',200124,4,0,9.99),
  ('1240',200125,5,1,9.99),
  ('1240',200126,4,0,9.99),
  ('1240',200127,4,0,9.99),
  ('1240',200128,4,0,9.99),
  ('1240',200129,4,0,9.99),
  ('1240',200130,4,0,9.99),
  ('1240',200131,4,0,9.99),
  ('1240',200132,4,0,9.99),
  ('1240',200133,4,0,9.99),
  ('1240',200134,4,0,9.99),
  ('1240',200135,4,0,9.99),
  ('1240',200136,4,0,9.99),
  ('1240',200137,4,0,9.99),
  ('1240',200138,4,0,9.99),
  ('1240',200139,4,0,9.99),
  ('1240',200140,4,0,9.99),
  ('1240',200141,4,0,9.99),
  ('1240',200142,4,0,9.99),
  ('1240',200143,4,0,9.99),
  ('1240',200144,4,0,9.99),
  ('1240',200145,4,0,9.99),
  ('1240',200146,4,0,9.99),
  ('1240',200147,4,0,9.99),
  ('1240',200148,4,0,9.99),
  ('1240',200149,4,0,9.99),
  ('1240',200150,4,0,9.99),
  ('1240',200151,9,0,9.99),
  ('1240',200152,5,2,9.99),
  ('1240',200153,4,0,9.99),
  ('1240',200201,4,0,9.99),
  ('1240',200202,4,0,9.99),
  ('1240',200203,4,0,9.99),
  ('1240',200204,4,0,9.99),
  ('1240',200205,4,0,9.99),
  ('1240',200206,4,0,9.99),
  ('1240',200207,4,0,9.99),
  ('1240',200208,4,0,9.99),
  ('1240',200209,4,0,9.99),
  ('1240',200210,4,0,9.99),
  ('1240',200211,4,0,9.99),
  ('1240',200212,5,1,9.99),
  ('1240',200213,6,2,9.99),
  ('1241',200113,5,0,1.99),
  ('1241',200114,6,0,1.99),
  ('1241',200115,8,2,1.99),
  ('1241',200116,6,0,1.99),
  ('1241',200117,7,1,1.99),
  ('1241',200118,7,0,1.99),
  ('1241',200119,7,0,1.99),
  ('1241',200120,4,0,1.99),
  ('1241',200121,4,0,1.99),
  ('1241',200122,7,0,1.99),
  ('1241',200123,5,0,1.99),
  ('1241',200124,5,0,1.99),
  ('1241',200125,6,0,1.99),
  ('1241',200126,5,0,1.99),
  ('1241',200127,5,1,1.99),
  ('1241',200128,5,0,1.99),
  ('1241',200129,5,0,1.99),
  ('1241',200130,7,0,1.99),
  ('1241',200131,6,0,1.99),
  ('1241',200132,6,0,1.99),
  ('1241',200133,4,0,1.99),
  ('1241',200134,6,0,1.99),
  ('1241',200135,7,0,1.99),
  ('1241',200136,7,0,1.99),
  ('1241',200137,7,0,1.99),
  ('1241',200138,7,0,1.99),
  ('1241',200139,4,2,1.99),
  ('1241',200140,7,0,1.99),
  ('1241',200141,5,0,1.99),
  ('1241',200142,6,0,1.99),
  ('1241',200143,7,0,1.99),
  ('1241',200144,6,0,1.99),
  ('1241',200145,5,0,1.99),
  ('1241',200146,5,0,1.99),
  ('1241',200147,6,0,1.99),
  ('1241',200148,5,0,1.99),
  ('1241',200149,7,0,1.99),
  ('1241',200150,7,0,1.99),
  ('1241',200151,11,0,1.99),
  ('1241',200152,6,2,1.99),
  ('1241',200153,6,0,1.99),
  ('1241',200201,5,0,1.99),
  ('1241',200202,7,0,1.99),
  ('1241',200203,5,0,1.99),
  ('1241',200204,6,0,1.99),
  ('1241',200205,8,0,1.99),
  ('1241',200206,7,0,1.99),
  ('1241',200207,6,1,1.99),
  ('1241',200208,6,0,1.99),
  ('1241',200209,7,0,1.99),
  ('1241',200210,6,2,1.99),
  ('1241',200211,6,0,1.99),
  ('1241',200212,6,0,1.99),
  ('1241',200213,9,0,1.99),
  ('1242',200113,12,0,0.98),
  ('1242',200114,15,0,0.98),
  ('1242',200115,20,0,0.98),
  ('1242',200116,13,0,0.98),
  ('1242',200117,13,0,0.98),
  ('1242',200118,14,0,0.98),
  ('1242',200119,17,0,0.98),
  ('1242',200120,8,0,0.98),
  ('1242',200121,15,0,0.98),
  ('1242',200122,10,1,0.98),
  ('1242',200123,7,0,0.98),
  ('1242',200124,20,0,0.98),
  ('1242',200125,9,0,0.98),
  ('1242',200126,17,0,0.98),
  ('1242',200127,19,0,0.98),
  ('1242',200128,21,2,0.98),
  ('1242',200129,14,0,0.98),
  ('1242',200130,7,0,0.98),
  ('1242',200131,14,0,0.98),
  ('1242',200132,14,0,0.98),
  ('1242',200133,15,0,0.98),
  ('1242',200134,13,0,0.98),
  ('1242',200135,17,0,0.98),
  ('1242',200136,14,0,0.98),
  ('1242',200137,14,0,0.98),
  ('1242',200138,22,0,0.98),
  ('1242',200139,20,0,0.98),
  ('1242',200140,18,1,0.98),
  ('1242',200141,15,0,0.98),
  ('1242',200142,19,0,0.98),
  ('1242',200143,14,2,0.98),
  ('1242',200144,11,0,0.98),
  ('1242',200145,18,0,0.98),
  ('1242',200146,11,0,0.98),
  ('1242',200147,12,0,0.98),
  ('1242',200148,23,0,0.98),
  ('1242',200149,12,0,0.98),
  ('1242',200150,14,0,0.98),
  ('1242',200151,13,0,0.98),
  ('1242',200152,16,0,0.98),
  ('1242',200153,19,0,0.98),
  ('1242',200201,20,0,0.98),
  ('1242',200202,16,0,0.98),
  ('1242',200203,11,0,0.98),
  ('1242',200204,17,2,0.98),
  ('1242',200205,4,0,0.98),
  ('1242',200206,13,0,0.98),
  ('1242',200207,11,0,0.98),
  ('1242',200208,15,0,0.98),
  ('1242',200209,5,0,0.98),
  ('1242',200210,19,0,0.98),
  ('1242',200211,6,0,0.98),
  ('1242',200212,16,0,0.98),
  ('1242',200213,15,0,0.98);
COMMIT;

#
# Data for the `verkaufsdatenneu` table  (LIMIT 0,500)
#

INSERT INTO `verkaufsdatenneu` (`Artikel`, `KW`, `Verkauf`, `Aktion`, `Preis`) VALUES
  ('1234',200113,1,0,0.75),
  ('1234',200114,2,1,0.75),
  ('1234',200115,3,2,0.75),
  ('1234',200116,1,0,0.75),
  ('1234',200117,1,0,0.75),
  ('1234',200118,1,0,0.75),
  ('1234',200119,1,0,0.75),
  ('1234',200120,1,0,0.75),
  ('1234',200121,1,0,0.75),
  ('1234',200122,1,0,0.75),
  ('1234',200123,1,0,0.75),
  ('1234',200124,1,0,0.75),
  ('1234',200125,1,1,0.75),
  ('1234',200126,1,0,0.75),
  ('1234',200127,1,0,0.75),
  ('1234',200128,1,0,0.75),
  ('1234',200129,1,0,0.75),
  ('1234',200130,1,0,0.75),
  ('1234',200131,1,0,0.75),
  ('1234',200132,1,0,0.75),
  ('1234',200133,1,0,0.75),
  ('1234',200134,1,0,0.75),
  ('1234',200135,1,0,0.75),
  ('1234',200136,1,0,0.75),
  ('1234',200137,1,0,0.75),
  ('1234',200138,1,0,0.75),
  ('1234',200139,1,0,0.75),
  ('1234',200140,1,0,0.75),
  ('1234',200141,1,0,0.75),
  ('1234',200142,1,0,0.75),
  ('1234',200143,1,0,0.75),
  ('1234',200144,1,0,0.75),
  ('1234',200145,1,0,0.75),
  ('1234',200146,1,0,0.75),
  ('1234',200147,1,0,0.75),
  ('1234',200148,1,0,0.75),
  ('1234',200149,1,0,0.75),
  ('1234',200150,1,0,0.75),
  ('1234',200151,6,0,0.75),
  ('1234',200152,2,2,0.75),
  ('1234',200153,1,0,0.75),
  ('1234',200201,1,0,0.75),
  ('1234',200202,1,0,0.75),
  ('1234',200203,1,0,0.75),
  ('1234',200204,1,0,0.75),
  ('1234',200205,1,0,0.75),
  ('1234',200206,1,0,0.75),
  ('1234',200207,1,0,0.75),
  ('1234',200208,1,0,0.75),
  ('1234',200209,1,0,0.75),
  ('1234',200210,1,0,0.75),
  ('1234',200211,1,0,0.75),
  ('1234',200212,1,1,0.75),
  ('1234',200213,3,2,0.75),
  ('1235',200113,5,0,3.98),
  ('1235',200114,5,0,3.98),
  ('1235',200115,5,2,3.98),
  ('1235',200116,3,0,3.98),
  ('1235',200117,5,1,3.98),
  ('1235',200118,3,0,3.98),
  ('1235',200119,2,0,3.98),
  ('1235',200120,2,0,3.98),
  ('1235',200121,4,0,3.98),
  ('1235',200122,3,0,3.98),
  ('1235',200123,2,0,3.98),
  ('1235',200124,4,0,3.98),
  ('1235',200125,4,0,3.98),
  ('1235',200126,3,0,3.98),
  ('1235',200127,2,1,3.98),
  ('1235',200128,3,0,3.98),
  ('1235',200129,3,0,3.98),
  ('1235',200130,3,0,3.98),
  ('1235',200131,3,0,3.98),
  ('1235',200132,1,0,3.98),
  ('1235',200133,3,0,3.98),
  ('1235',200134,4,0,3.98),
  ('1235',200135,2,0,3.98),
  ('1235',200136,2,0,3.98),
  ('1235',200137,4,0,3.98),
  ('1235',200138,3,0,3.98),
  ('1235',200139,5,2,3.98),
  ('1235',200140,4,0,3.98),
  ('1235',200141,4,0,3.98),
  ('1235',200142,3,0,3.98),
  ('1235',200143,4,0,3.98),
  ('1235',200144,2,0,3.98),
  ('1235',200145,3,0,3.98),
  ('1235',200146,3,0,3.98),
  ('1235',200147,4,0,3.98),
  ('1235',200148,4,0,3.98),
  ('1235',200149,3,0,3.98),
  ('1235',200150,1,0,3.98),
  ('1235',200151,7,0,3.98),
  ('1235',200152,4,2,3.98),
  ('1235',200153,3,0,3.98),
  ('1235',200201,2,0,3.98),
  ('1235',200202,2,0,3.98),
  ('1235',200203,4,0,3.98),
  ('1235',200204,2,0,3.98),
  ('1235',200205,2,0,3.98),
  ('1235',200206,4,0,3.98),
  ('1235',200207,3,1,3.98),
  ('1235',200208,3,0,3.98),
  ('1235',200209,2,0,3.98),
  ('1235',200210,4,2,3.98),
  ('1235',200211,2,0,3.98),
  ('1235',200212,2,0,3.98),
  ('1235',200213,6,0,3.98),
  ('1236',200113,3,0,1.98),
  ('1236',200114,14,0,1.98),
  ('1236',200115,6,0,1.98),
  ('1236',200116,6,0,1.98),
  ('1236',200117,13,0,1.98),
  ('1236',200118,8,0,1.98),
  ('1236',200119,7,0,1.98),
  ('1236',200120,6,0,1.98),
  ('1236',200121,15,0,1.98),
  ('1236',200122,12,1,1.98),
  ('1236',200123,4,0,1.98),
  ('1236',200124,10,0,1.98),
  ('1236',200125,7,0,1.98),
  ('1236',200126,7,0,1.98),
  ('1236',200127,9,0,1.98),
  ('1236',200128,5,2,1.98),
  ('1236',200129,3,0,1.98),
  ('1236',200130,7,0,1.98),
  ('1236',200131,4,0,1.98),
  ('1236',200132,1,0,1.98),
  ('1236',200133,16,0,1.98),
  ('1236',200134,9,0,1.98),
  ('1236',200135,4,0,1.98),
  ('1236',200136,8,0,1.98),
  ('1236',200137,11,0,1.98),
  ('1236',200138,9,0,1.98),
  ('1236',200139,13,0,1.98),
  ('1236',200140,9,1,1.98),
  ('1236',200141,15,0,1.98),
  ('1236',200142,13,0,1.98),
  ('1236',200143,8,2,1.98),
  ('1236',200144,12,0,1.98),
  ('1236',200145,12,0,1.98),
  ('1236',200146,8,0,1.98),
  ('1236',200147,11,0,1.98),
  ('1236',200148,10,0,1.98),
  ('1236',200149,13,0,1.98),
  ('1236',200150,16,0,1.98),
  ('1236',200151,17,0,1.98),
  ('1236',200152,18,0,1.98),
  ('1236',200153,9,0,1.98),
  ('1236',200201,6,0,1.98),
  ('1236',200202,10,0,1.98),
  ('1236',200203,16,0,1.98),
  ('1236',200204,2,2,1.98),
  ('1236',200205,14,0,1.98),
  ('1236',200206,3,0,1.98),
  ('1236',200207,2,0,1.98),
  ('1236',200208,7,0,1.98),
  ('1236',200209,10,0,1.98),
  ('1236',200210,6,0,1.98),
  ('1236',200211,14,0,1.98),
  ('1236',200212,17,0,1.98),
  ('1236',200213,13,0,1.98),
  ('1237',200113,6,0,2.15),
  ('1237',200114,6,1,2.15),
  ('1237',200115,8,2,2.15),
  ('1237',200116,6,0,2.15),
  ('1237',200117,6,0,2.15),
  ('1237',200118,6,0,2.15),
  ('1237',200119,6,0,2.15),
  ('1237',200120,7,0,1.56),
  ('1237',200121,7,0,1.56),
  ('1237',200122,6,0,2.15),
  ('1237',200123,6,0,2.15),
  ('1237',200124,6,0,2.15),
  ('1237',200125,8,1,1.56),
  ('1237',200126,7,0,1.56),
  ('1237',200127,6,0,2.15),
  ('1237',200128,6,0,2.15),
  ('1237',200129,6,0,2.15),
  ('1237',200130,6,0,2.15),
  ('1237',200131,6,0,2.15),
  ('1237',200132,6,0,2.15),
  ('1237',200133,6,0,2.15),
  ('1237',200134,6,0,2.15),
  ('1237',200135,6,0,2.15),
  ('1237',200136,6,0,2.15),
  ('1237',200137,6,0,2.15),
  ('1237',200138,5,0,2.15),
  ('1237',200139,6,0,1.56),
  ('1237',200140,6,0,2.15),
  ('1237',200141,6,0,2.15),
  ('1237',200142,6,0,2.15),
  ('1237',200143,6,0,2.15),
  ('1237',200144,6,0,2.15),
  ('1237',200145,6,0,2.15),
  ('1237',200146,6,0,2.15),
  ('1237',200147,6,0,2.15),
  ('1237',200148,6,0,2.15),
  ('1237',200149,6,0,2.15),
  ('1237',200150,6,0,2.15),
  ('1237',200151,10,0,2.15),
  ('1237',200152,7,2,2.15),
  ('1237',200153,6,0,2.15),
  ('1237',200201,6,0,2.15),
  ('1237',200202,6,0,2.15),
  ('1237',200203,6,0,2.15),
  ('1237',200204,6,0,2.15),
  ('1237',200205,6,0,2.15),
  ('1237',200206,6,0,2.15),
  ('1237',200207,6,0,2.15),
  ('1237',200208,6,0,2.15),
  ('1237',200209,6,0,2.15),
  ('1237',200210,6,0,2.15),
  ('1237',200211,6,0,2.15),
  ('1237',200212,7,1,2.15),
  ('1237',200213,8,2,2.15),
  ('1238',200113,8,0,2.99),
  ('1238',200114,7,0,2.99),
  ('1238',200115,9,2,2.99),
  ('1238',200116,8,0,2.99),
  ('1238',200117,9,1,2.99),
  ('1238',200118,7,0,2.99),
  ('1238',200119,6,0,2.99),
  ('1238',200120,10,0,2.99),
  ('1238',200121,10,0,2.99),
  ('1238',200122,7,0,2.99),
  ('1238',200123,9,0,2.99),
  ('1238',200124,7,0,2.99),
  ('1238',200125,8,0,2.99),
  ('1238',200126,9,0,2.99),
  ('1238',200127,10,1,2.99),
  ('1238',200128,5,0,2.99),
  ('1238',200129,8,0,2.99),
  ('1238',200130,8,0,2.99),
  ('1238',200131,8,0,2.99),
  ('1238',200132,8,0,2.99),
  ('1238',200133,9,0,2.99),
  ('1238',200134,7,0,2.99),
  ('1238',200135,9,0,2.99),
  ('1238',200136,9,0,2.99),
  ('1238',200137,9,0,2.99),
  ('1238',200138,8,0,2.99),
  ('1238',200139,11,2,2.99),
  ('1238',200140,9,0,2.99),
  ('1238',200141,8,0,2.99),
  ('1238',200142,9,0,2.99),
  ('1238',200143,10,0,2.99),
  ('1238',200144,6,0,2.99),
  ('1238',200145,6,0,2.99),
  ('1238',200146,8,0,2.99),
  ('1238',200147,9,0,2.99),
  ('1238',200148,8,0,2.99),
  ('1238',200149,7,0,2.99),
  ('1238',200150,7,0,2.99),
  ('1238',200151,12,0,2.99),
  ('1238',200152,9,2,2.99),
  ('1238',200153,9,0,2.99),
  ('1238',200201,8,0,2.99),
  ('1238',200202,8,0,2.99),
  ('1238',200203,8,0,2.99),
  ('1238',200204,8,0,2.99),
  ('1238',200205,7,0,2.99),
  ('1238',200206,9,0,2.99),
  ('1238',200207,9,1,2.99),
  ('1238',200208,9,0,2.99),
  ('1238',200209,8,0,2.99),
  ('1238',200210,7,2,2.99),
  ('1238',200211,7,0,2.99),
  ('1238',200212,8,0,2.99),
  ('1238',200213,11,0,2.99),
  ('1239',200113,10,0,3.59),
  ('1239',200114,11,0,3.59),
  ('1239',200115,18,0,3.59),
  ('1239',200116,22,0,3.59),
  ('1239',200117,21,0,3.59),
  ('1239',200118,4,0,3.59),
  ('1239',200119,6,0,3.59),
  ('1239',200120,10,0,3.59),
  ('1239',200121,8,0,3.59),
  ('1239',200122,5,1,3.59),
  ('1239',200123,13,0,3.59),
  ('1239',200124,16,0,3.59),
  ('1239',200125,13,0,3.59),
  ('1239',200126,17,0,3.59),
  ('1239',200127,17,0,3.59),
  ('1239',200128,16,2,3.59),
  ('1239',200129,15,0,3.59),
  ('1239',200130,12,0,3.59),
  ('1239',200131,25,0,3.59),
  ('1239',200132,19,0,3.59),
  ('1239',200133,19,0,3.59),
  ('1239',200134,20,0,3.59),
  ('1239',200135,26,0,3.59),
  ('1239',200136,22,0,3.59),
  ('1239',200137,11,0,3.59),
  ('1239',200138,24,0,3.59),
  ('1239',200139,14,0,3.59),
  ('1239',200140,11,1,3.59),
  ('1239',200141,12,0,3.59),
  ('1239',200142,8,0,3.59),
  ('1239',200143,12,2,3.59),
  ('1239',200144,20,0,3.59),
  ('1239',200145,13,0,3.59),
  ('1239',200146,15,0,3.59),
  ('1239',200147,8,0,3.59),
  ('1239',200148,14,0,3.59),
  ('1239',200149,6,0,3.59),
  ('1239',200150,24,0,3.59),
  ('1239',200151,6,0,3.59),
  ('1239',200152,12,0,3.59),
  ('1239',200153,17,0,3.59),
  ('1239',200201,14,0,3.59),
  ('1239',200202,17,0,3.59),
  ('1239',200203,19,0,3.59),
  ('1239',200204,6,2,3.59),
  ('1239',200205,17,0,3.59),
  ('1239',200206,15,0,3.59),
  ('1239',200207,16,0,3.59),
  ('1239',200208,10,0,3.59),
  ('1239',200209,12,0,3.59),
  ('1239',200210,15,0,3.59),
  ('1239',200211,19,0,3.59),
  ('1239',200212,21,0,3.59),
  ('1239',200213,16,0,3.59),
  ('1240',200113,4,0,9.99),
  ('1240',200114,4,1,9.99),
  ('1240',200115,6,2,9.99),
  ('1240',200116,4,0,9.99),
  ('1240',200117,4,0,9.99),
  ('1240',200118,4,0,9.99),
  ('1240',200119,4,0,9.99),
  ('1240',200120,4,0,9.99),
  ('1240',200121,4,0,9.99),
  ('1240',200122,4,0,9.99),
  ('1240',200123,4,0,9.99),
  ('1240',200124,4,0,9.99),
  ('1240',200125,5,1,9.99),
  ('1240',200126,4,0,9.99),
  ('1240',200127,4,0,9.99),
  ('1240',200128,4,0,9.99),
  ('1240',200129,4,0,9.99),
  ('1240',200130,4,0,9.99),
  ('1240',200131,4,0,9.99),
  ('1240',200132,4,0,9.99),
  ('1240',200133,4,0,9.99),
  ('1240',200134,4,0,9.99),
  ('1240',200135,4,0,9.99),
  ('1240',200136,4,0,9.99),
  ('1240',200137,4,0,9.99),
  ('1240',200138,4,0,9.99),
  ('1240',200139,4,0,9.99),
  ('1240',200140,4,0,9.99),
  ('1240',200141,4,0,9.99),
  ('1240',200142,4,0,9.99),
  ('1240',200143,4,0,9.99),
  ('1240',200144,4,0,9.99),
  ('1240',200145,4,0,9.99),
  ('1240',200146,4,0,9.99),
  ('1240',200147,4,0,9.99),
  ('1240',200148,4,0,9.99),
  ('1240',200149,4,0,9.99),
  ('1240',200150,4,0,9.99),
  ('1240',200151,9,0,9.99),
  ('1240',200152,5,2,9.99),
  ('1240',200153,4,0,9.99),
  ('1240',200201,4,0,9.99),
  ('1240',200202,4,0,9.99),
  ('1240',200203,4,0,9.99),
  ('1240',200204,4,0,9.99),
  ('1240',200205,4,0,9.99),
  ('1240',200206,4,0,9.99),
  ('1240',200207,4,0,9.99),
  ('1240',200208,4,0,9.99),
  ('1240',200209,4,0,9.99),
  ('1240',200210,4,0,9.99),
  ('1240',200211,4,0,9.99),
  ('1240',200212,5,1,9.99),
  ('1240',200213,6,2,9.99),
  ('1241',200113,5,0,1.99),
  ('1241',200114,6,0,1.99),
  ('1241',200115,8,2,1.99),
  ('1241',200116,6,0,1.99),
  ('1241',200117,7,1,1.99),
  ('1241',200118,7,0,1.99),
  ('1241',200119,7,0,1.99),
  ('1241',200120,4,0,1.99),
  ('1241',200121,4,0,1.99),
  ('1241',200122,7,0,1.99),
  ('1241',200123,5,0,1.99),
  ('1241',200124,5,0,1.99),
  ('1241',200125,6,0,1.99),
  ('1241',200126,5,0,1.99),
  ('1241',200127,5,1,1.99),
  ('1241',200128,5,0,1.99),
  ('1241',200129,5,0,1.99),
  ('1241',200130,7,0,1.99),
  ('1241',200131,6,0,1.99),
  ('1241',200132,6,0,1.99),
  ('1241',200133,4,0,1.99),
  ('1241',200134,6,0,1.99),
  ('1241',200135,7,0,1.99),
  ('1241',200136,7,0,1.99),
  ('1241',200137,7,0,1.99),
  ('1241',200138,7,0,1.99),
  ('1241',200139,4,2,1.99),
  ('1241',200140,7,0,1.99),
  ('1241',200141,5,0,1.99),
  ('1241',200142,6,0,1.99),
  ('1241',200143,7,0,1.99),
  ('1241',200144,6,0,1.99),
  ('1241',200145,5,0,1.99),
  ('1241',200146,5,0,1.99),
  ('1241',200147,6,0,1.99),
  ('1241',200148,5,0,1.99),
  ('1241',200149,7,0,1.99),
  ('1241',200150,7,0,1.99),
  ('1241',200151,11,0,1.99),
  ('1241',200152,6,2,1.99),
  ('1241',200153,6,0,1.99),
  ('1241',200201,5,0,1.99),
  ('1241',200202,7,0,1.99),
  ('1241',200203,5,0,1.99),
  ('1241',200204,6,0,1.99),
  ('1241',200205,8,0,1.99),
  ('1241',200206,7,0,1.99),
  ('1241',200207,6,1,1.99),
  ('1241',200208,6,0,1.99),
  ('1241',200209,7,0,1.99),
  ('1241',200210,6,2,1.99),
  ('1241',200211,6,0,1.99),
  ('1241',200212,6,0,1.99),
  ('1241',200213,9,0,1.99),
  ('1242',200113,12,0,0.98),
  ('1242',200114,15,0,0.98),
  ('1242',200115,20,0,0.98),
  ('1242',200116,13,0,0.98),
  ('1242',200117,13,0,0.98),
  ('1242',200118,14,0,0.98),
  ('1242',200119,17,0,0.98),
  ('1242',200120,8,0,0.98),
  ('1242',200121,15,0,0.98),
  ('1242',200122,10,1,0.98),
  ('1242',200123,7,0,0.98),
  ('1242',200124,20,0,0.98),
  ('1242',200125,9,0,0.98),
  ('1242',200126,17,0,0.98),
  ('1242',200127,19,0,0.98),
  ('1242',200128,21,2,0.98),
  ('1242',200129,14,0,0.98),
  ('1242',200130,7,0,0.98),
  ('1242',200131,14,0,0.98),
  ('1242',200132,14,0,0.98),
  ('1242',200133,15,0,0.98),
  ('1242',200134,13,0,0.98),
  ('1242',200135,17,0,0.98),
  ('1242',200136,14,0,0.98),
  ('1242',200137,14,0,0.98),
  ('1242',200138,22,0,0.98),
  ('1242',200139,20,0,0.98),
  ('1242',200140,18,1,0.98),
  ('1242',200141,15,0,0.98),
  ('1242',200142,19,0,0.98),
  ('1242',200143,14,2,0.98),
  ('1242',200144,11,0,0.98),
  ('1242',200145,18,0,0.98),
  ('1242',200146,11,0,0.98),
  ('1242',200147,12,0,0.98),
  ('1242',200148,23,0,0.98),
  ('1242',200149,12,0,0.98),
  ('1242',200150,14,0,0.98),
  ('1242',200151,13,0,0.98),
  ('1242',200152,16,0,0.98),
  ('1242',200153,19,0,0.98),
  ('1242',200201,20,0,0.98),
  ('1242',200202,16,0,0.98),
  ('1242',200203,11,0,0.98),
  ('1242',200204,17,2,0.98),
  ('1242',200205,4,0,0.98),
  ('1242',200206,13,0,0.98),
  ('1242',200207,11,0,0.98),
  ('1242',200208,15,0,0.98),
  ('1242',200209,5,0,0.98),
  ('1242',200210,19,0,0.98),
  ('1242',200211,6,0,0.98),
  ('1242',200212,16,0,0.98),
  ('1242',200213,15,0,0.98),
  ('3240',200113,8,0,10.99),
  ('3240',200114,8,1,10.99),
  ('3240',200115,12,2,10.99),
  ('3240',200116,8,0,10.99),
  ('3240',200117,8,0,10.99),
  ('3240',200118,8,0,10.99),
  ('3240',200119,8,0,10.99),
  ('3240',200120,8,0,10.99),
  ('3240',200121,8,0,10.99),
  ('3240',200122,8,0,10.99),
  ('3240',200123,8,0,10.99),
  ('3240',200124,8,0,10.99),
  ('3240',200125,10,1,10.99),
  ('3240',200126,8,0,10.99);
COMMIT;

#
# Data for the `verkaufsdatenneu` table  (LIMIT 500,500)
#

INSERT INTO `verkaufsdatenneu` (`Artikel`, `KW`, `Verkauf`, `Aktion`, `Preis`) VALUES
  ('3240',200127,8,0,10.99),
  ('3240',200128,8,0,10.99),
  ('3240',200129,8,0,10.99),
  ('3240',200130,8,0,10.99),
  ('3240',200131,8,0,10.99),
  ('3240',200132,8,0,10.99),
  ('3240',200133,8,0,10.99),
  ('3240',200134,8,0,10.99),
  ('3240',200135,8,0,10.99),
  ('3240',200136,8,0,10.99),
  ('3240',200137,8,0,10.99),
  ('3240',200138,8,0,10.99),
  ('3240',200139,8,0,10.99),
  ('3240',200140,8,0,10.99),
  ('3240',200141,8,0,10.99),
  ('3240',200142,8,0,10.99),
  ('3240',200143,8,0,10.99),
  ('3240',200144,8,0,10.99),
  ('3240',200145,8,0,10.99),
  ('3240',200146,8,0,10.99),
  ('3240',200147,8,0,10.99),
  ('3240',200148,8,0,10.99),
  ('3240',200149,8,0,10.99),
  ('3240',200150,8,0,10.99),
  ('3240',200151,18,0,10.99),
  ('3240',200152,10,2,10.99),
  ('3240',200153,8,0,10.99),
  ('3240',200201,8,0,10.99),
  ('3240',200202,8,0,10.99),
  ('3240',200203,8,0,10.99),
  ('3240',200204,8,0,10.99),
  ('3240',200205,8,0,10.99),
  ('3240',200206,8,0,10.99),
  ('3240',200207,8,0,10.99),
  ('3240',200208,8,0,10.99),
  ('3240',200209,8,0,10.99),
  ('3240',200210,8,0,10.99),
  ('3240',200211,8,0,10.99),
  ('3240',200212,10,1,10.99),
  ('3240',200213,12,2,10.99),
  ('3241',200113,10,0,2.99),
  ('3241',200114,12,0,2.99),
  ('3241',200115,16,2,2.99),
  ('3241',200116,12,0,2.99),
  ('3241',200117,14,1,2.99),
  ('3241',200118,14,0,2.99),
  ('3241',200119,14,0,2.99),
  ('3241',200120,8,0,2.99),
  ('3241',200121,8,0,2.99),
  ('3241',200122,14,0,2.99),
  ('3241',200123,10,0,2.99),
  ('3241',200124,10,0,2.99),
  ('3241',200125,12,0,2.99),
  ('3241',200126,10,0,2.99),
  ('3241',200127,10,1,2.99),
  ('3241',200128,10,0,2.99),
  ('3241',200129,10,0,2.99),
  ('3241',200130,14,0,2.99),
  ('3241',200131,12,0,2.99),
  ('3241',200132,12,0,2.99),
  ('3241',200133,8,0,2.99),
  ('3241',200134,12,0,2.99),
  ('3241',200135,14,0,2.99),
  ('3241',200136,14,0,2.99),
  ('3241',200137,14,0,2.99),
  ('3241',200138,14,0,2.99),
  ('3241',200139,8,2,2.99),
  ('3241',200140,14,0,2.99),
  ('3241',200141,10,0,2.99),
  ('3241',200142,12,0,2.99),
  ('3241',200143,14,0,2.99),
  ('3241',200144,12,0,2.99),
  ('3241',200145,10,0,2.99),
  ('3241',200146,10,0,2.99),
  ('3241',200147,12,0,2.99),
  ('3241',200148,10,0,2.99),
  ('3241',200149,14,0,2.99),
  ('3241',200150,14,0,2.99),
  ('3241',200151,22,0,2.99),
  ('3241',200152,12,2,2.99),
  ('3241',200153,12,0,2.99),
  ('3241',200201,10,0,2.99),
  ('3241',200202,14,0,2.99),
  ('3241',200203,10,0,2.99),
  ('3241',200204,12,0,2.99),
  ('3241',200205,16,0,2.99),
  ('3241',200206,14,0,2.99),
  ('3241',200207,12,1,2.99),
  ('3241',200208,12,0,2.99),
  ('3241',200209,14,0,2.99),
  ('3241',200210,12,2,2.99),
  ('3241',200211,12,0,2.99),
  ('3241',200212,12,0,2.99),
  ('3241',200213,18,0,2.99),
  ('3242',200113,24,0,1.98),
  ('3242',200114,30,0,1.98),
  ('3242',200115,40,0,1.98),
  ('3242',200116,26,0,1.98),
  ('3242',200117,26,0,1.98),
  ('3242',200118,28,0,1.98),
  ('3242',200119,34,0,1.98),
  ('3242',200120,16,0,1.98),
  ('3242',200121,30,0,1.98),
  ('3242',200122,20,1,1.98),
  ('3242',200123,14,0,1.98),
  ('3242',200124,40,0,1.98),
  ('3242',200125,18,0,1.98),
  ('3242',200126,34,0,1.98),
  ('3242',200127,38,0,1.98),
  ('3242',200128,42,2,1.98),
  ('3242',200129,28,0,1.98),
  ('3242',200130,14,0,1.98),
  ('3242',200131,28,0,1.98),
  ('3242',200132,28,0,1.98),
  ('3242',200133,30,0,1.98),
  ('3242',200134,26,0,1.98),
  ('3242',200135,34,0,1.98),
  ('3242',200136,28,0,1.98),
  ('3242',200137,28,0,1.98),
  ('3242',200138,44,0,1.98),
  ('3242',200139,40,0,1.98),
  ('3242',200140,36,1,1.98),
  ('3242',200141,30,0,1.98),
  ('3242',200142,38,0,1.98),
  ('3242',200143,28,2,1.98),
  ('3242',200144,22,0,1.98),
  ('3242',200145,36,0,1.98),
  ('3242',200146,22,0,1.98),
  ('3242',200147,24,0,1.98),
  ('3242',200148,46,0,1.98),
  ('3242',200149,24,0,1.98),
  ('3242',200150,28,0,1.98),
  ('3242',200151,26,0,1.98),
  ('3242',200152,32,0,1.98),
  ('3242',200153,38,0,1.98),
  ('3242',200201,40,0,1.98),
  ('3242',200202,32,0,1.98),
  ('3242',200203,22,0,1.98),
  ('3242',200204,34,2,1.98),
  ('3242',200205,8,0,1.98),
  ('3242',200206,26,0,1.98),
  ('3242',200207,22,0,1.98),
  ('3242',200208,30,0,1.98),
  ('3242',200209,10,0,1.98),
  ('3242',200210,38,0,1.98),
  ('3242',200211,12,0,1.98),
  ('3242',200212,32,0,1.98),
  ('3242',200213,30,0,1.98);
COMMIT;

